build,role,repo,revision,path,size,sha256
here-be-dragons-ai/Kolibri-1-MLX-3bit,source,Aleph-Alpha/Kolibri-1,35bc4d3be745502227a67247de77d70e691614ee,LICENSE,11358,cfc7749b96f63bd31c3c42b5c471bf756814053e847c10f3eb003417bc523d30
here-be-dragons-ai/Kolibri-1-MLX-3bit,source,Aleph-Alpha/Kolibri-1,35bc4d3be745502227a67247de77d70e691614ee,README.md,236001,4dfcbcc60b30ef6d6bbd98a3a386d2b52606a83f3c04b2896c483bb19982b1d0
here-be-dragons-ai/Kolibri-1-MLX-3bit,source,Aleph-Alpha/Kolibri-1,35bc4d3be745502227a67247de77d70e691614ee,config.json,3904,310443b4224e940682de2b829ba1e377bc39ed7250ac069ce011b8b7c260322f
here-be-dragons-ai/Kolibri-1-MLX-3bit,source,Aleph-Alpha/Kolibri-1,35bc4d3be745502227a67247de77d70e691614ee,generation_config.json,152,40e0edd01855fc8abdfd2f7b0d4a54c52cf6dea3c678dc68b32c05f19c464450
here-be-dragons-ai/Kolibri-1-MLX-3bit,source,Aleph-Alpha/Kolibri-1,35bc4d3be745502227a67247de77d70e691614ee,model-00001-of-00032.safetensors,3156374416,a7a98d7a62ea98d5ea087803ce018f51a15e442bc9a621617c68df7582947542
here-be-dragons-ai/Kolibri-1-MLX-3bit,source,Aleph-Alpha/Kolibri-1,35bc4d3be745502227a67247de77d70e691614ee,model-00002-of-00032.safetensors,2501296272,53b50581240e08566e640c7b58c18ad6296ca5ca08faf352e4aef7aa9d27f618
here-be-dragons-ai/Kolibri-1-MLX-3bit,source,Aleph-Alpha/Kolibri-1,35bc4d3be745502227a67247de77d70e691614ee,model-00003-of-00032.safetensors,2501967864,317e19f78b64a7cea43a3608814b00deef3adeac94fab24c0bedb55a8bbfdac8
here-be-dragons-ai/Kolibri-1-MLX-3bit,source,Aleph-Alpha/Kolibri-1,35bc4d3be745502227a67247de77d70e691614ee,model-00004-of-00032.safetensors,2501967352,bb5d53ba193ad9dc41e968a44ad5d2715a4eed4cf109932575e7212ae6414aa2
here-be-dragons-ai/Kolibri-1-MLX-3bit,source,Aleph-Alpha/Kolibri-1,35bc4d3be745502227a67247de77d70e691614ee,model-00005-of-00032.safetensors,2501296936,506679891025274abe555dac9bf27f4cca89122256cd5e969bc07a5533874671
here-be-dragons-ai/Kolibri-1-MLX-3bit,source,Aleph-Alpha/Kolibri-1,35bc4d3be745502227a67247de77d70e691614ee,model-00006-of-00032.safetensors,2501967208,dcf896e80294c89b28bb76ef898a4220cacb5a9f0e12aca11d65f788246cb9ee
here-be-dragons-ai/Kolibri-1-MLX-3bit,source,Aleph-Alpha/Kolibri-1,35bc4d3be745502227a67247de77d70e691614ee,model-00007-of-00032.safetensors,2501297968,ce656d867973e90505986db8220d4ca738c6770824bb742ead8aa9ceb7eb06f7
here-be-dragons-ai/Kolibri-1-MLX-3bit,source,Aleph-Alpha/Kolibri-1,35bc4d3be745502227a67247de77d70e691614ee,model-00008-of-00032.safetensors,2501971880,91161bdbe0a1cc28174f86ec214bc980c5f62d153396fd4d8174a4562d93fa1c
here-be-dragons-ai/Kolibri-1-MLX-3bit,source,Aleph-Alpha/Kolibri-1,35bc4d3be745502227a67247de77d70e691614ee,model-00009-of-00032.safetensors,2501970968,b44480ecc6e590ed4d7e7867598f1d53e662e34ba72486b523a99680f5f37f5d
here-be-dragons-ai/Kolibri-1-MLX-3bit,source,Aleph-Alpha/Kolibri-1,35bc4d3be745502227a67247de77d70e691614ee,model-00010-of-00032.safetensors,2501300576,3a4ac7a25770d2249310b0fd7ae6f4a29ca688f7ddc05ae153364d1dec463589
here-be-dragons-ai/Kolibri-1-MLX-3bit,source,Aleph-Alpha/Kolibri-1,35bc4d3be745502227a67247de77d70e691614ee,model-00011-of-00032.safetensors,2501971240,d6e98a9bf220fb3a838e2758b6cdc014a6554d1f10a9aaf962bd9ceaf011909b
here-be-dragons-ai/Kolibri-1-MLX-3bit,source,Aleph-Alpha/Kolibri-1,35bc4d3be745502227a67247de77d70e691614ee,model-00012-of-00032.safetensors,2501299416,28b4aa1be1c20bd5e0ec32bf47e0dbcad211131bfc95615c18b3553013e8cf11
here-be-dragons-ai/Kolibri-1-MLX-3bit,source,Aleph-Alpha/Kolibri-1,35bc4d3be745502227a67247de77d70e691614ee,model-00013-of-00032.safetensors,2501972200,65a8381eb71d36742b40176fa151c694ae762b125430ecf75291d7c5558ad954
here-be-dragons-ai/Kolibri-1-MLX-3bit,source,Aleph-Alpha/Kolibri-1,35bc4d3be745502227a67247de77d70e691614ee,model-00014-of-00032.safetensors,2501970944,0abc95b53946fadd5bd50661380e19d32b6625511a20ecede01b5a60986eb4ab
here-be-dragons-ai/Kolibri-1-MLX-3bit,source,Aleph-Alpha/Kolibri-1,35bc4d3be745502227a67247de77d70e691614ee,model-00015-of-00032.safetensors,2501300168,82a2e70ce79dbc09822e158e8987a4b5a262f74cb35b09b559c87a0adae05569
here-be-dragons-ai/Kolibri-1-MLX-3bit,source,Aleph-Alpha/Kolibri-1,35bc4d3be745502227a67247de77d70e691614ee,model-00016-of-00032.safetensors,2501971536,15349270769eb1c94172d786f29c2125fa6cea80e9e9a4857eae4cb610eaa13a
here-be-dragons-ai/Kolibri-1-MLX-3bit,source,Aleph-Alpha/Kolibri-1,35bc4d3be745502227a67247de77d70e691614ee,model-00017-of-00032.safetensors,2495419496,840257b51a1af40c4cc66a2ad5e4c9687a366c30ff16ba53eab8b6d8fe613ec9
here-be-dragons-ai/Kolibri-1-MLX-3bit,source,Aleph-Alpha/Kolibri-1,35bc4d3be745502227a67247de77d70e691614ee,model-00018-of-00032.safetensors,2501295784,5cfe070e4238a3422581126dbc30afc05f3d933d7b6e69a69996a18acea9c904
here-be-dragons-ai/Kolibri-1-MLX-3bit,source,Aleph-Alpha/Kolibri-1,35bc4d3be745502227a67247de77d70e691614ee,model-00019-of-00032.safetensors,2501970944,70bdd122f2a5ad54e453f4f5a6b586d1addf85220adeecef2fc0b4816804dd75
here-be-dragons-ai/Kolibri-1-MLX-3bit,source,Aleph-Alpha/Kolibri-1,35bc4d3be745502227a67247de77d70e691614ee,model-00020-of-00032.safetensors,2501299872,7384816f58c8bb67c502e66b1cd45879ffb8efb98c7a07afb837a7c5a406ae65
here-be-dragons-ai/Kolibri-1-MLX-3bit,source,Aleph-Alpha/Kolibri-1,35bc4d3be745502227a67247de77d70e691614ee,model-00021-of-00032.safetensors,2501971736,2cef36b82a1eca0e642ea3079f8d505fe9e4b7d2c2aa6d0e73a6db496f2e2eae
here-be-dragons-ai/Kolibri-1-MLX-3bit,source,Aleph-Alpha/Kolibri-1,35bc4d3be745502227a67247de77d70e691614ee,model-00022-of-00032.safetensors,2501971040,f5f11113e7f55e9f51924644553ae8f70983c3c561f532c505212106fd39e26a
here-be-dragons-ai/Kolibri-1-MLX-3bit,source,Aleph-Alpha/Kolibri-1,35bc4d3be745502227a67247de77d70e691614ee,model-00023-of-00032.safetensors,2501300720,c59a78ba172979fdde4851e130de686561b662c6a4300df933e09bed1ac98dc1
here-be-dragons-ai/Kolibri-1-MLX-3bit,source,Aleph-Alpha/Kolibri-1,35bc4d3be745502227a67247de77d70e691614ee,model-00024-of-00032.safetensors,2501971024,e1410bdf2700631fa644db038b0d305f36222f2ef65ba10cb230c05b7d70b24e
here-be-dragons-ai/Kolibri-1-MLX-3bit,source,Aleph-Alpha/Kolibri-1,35bc4d3be745502227a67247de77d70e691614ee,model-00025-of-00032.safetensors,2501299560,0967938289a49a558dcd7cae86ff461948c1aba829a0969d135da9ba6def9828
here-be-dragons-ai/Kolibri-1-MLX-3bit,source,Aleph-Alpha/Kolibri-1,35bc4d3be745502227a67247de77d70e691614ee,model-00026-of-00032.safetensors,2501972056,6f4c2ea2af3962f05ffd2329d3227967905f70166846e2819a6382ac55977af8
here-be-dragons-ai/Kolibri-1-MLX-3bit,source,Aleph-Alpha/Kolibri-1,35bc4d3be745502227a67247de77d70e691614ee,model-00027-of-00032.safetensors,2501970944,acc778dd678f2edfd183a88af8690b1077f8403ab729ba28ec6afd3b59b4080f
here-be-dragons-ai/Kolibri-1-MLX-3bit,source,Aleph-Alpha/Kolibri-1,35bc4d3be745502227a67247de77d70e691614ee,model-00028-of-00032.safetensors,2501300336,534f96e7acf4075f6603a08ebce82dc3955cca832c6750777baa9d88d33f1bd5
here-be-dragons-ai/Kolibri-1-MLX-3bit,source,Aleph-Alpha/Kolibri-1,35bc4d3be745502227a67247de77d70e691614ee,model-00029-of-00032.safetensors,2501971448,4e8fa5779ce4884375285cb0cc14df9bd39bca3cf517d00ad1ae7fd02d4955f8
here-be-dragons-ai/Kolibri-1-MLX-3bit,source,Aleph-Alpha/Kolibri-1,35bc4d3be745502227a67247de77d70e691614ee,model-00030-of-00032.safetensors,2501299296,1b79183349e4a7155a9d0316dbcb03df5c03879e34706ec83b7393089cd67c67
here-be-dragons-ai/Kolibri-1-MLX-3bit,source,Aleph-Alpha/Kolibri-1,35bc4d3be745502227a67247de77d70e691614ee,model-00031-of-00032.safetensors,2501972368,399bd9a219592fc009d022cffaae1ea93aa6a455b9c69d0eeb6aeeb32c65b772
here-be-dragons-ai/Kolibri-1-MLX-3bit,source,Aleph-Alpha/Kolibri-1,35bc4d3be745502227a67247de77d70e691614ee,model-00032-of-00032.safetensors,640583640,d336470ef702ca1ffc7b3b41a65fea16cd1d28ac1da925d22e457a57ca5811f8
here-be-dragons-ai/Kolibri-1-MLX-3bit,source,Aleph-Alpha/Kolibri-1,35bc4d3be745502227a67247de77d70e691614ee,model.safetensors.index.json,11139453,c6769a34820c9057b404b2a5cae1ac24fd7b4a9ca08b84eb0a06e7b5bad3005e
here-be-dragons-ai/Kolibri-1-MLX-3bit,source,Aleph-Alpha/Kolibri-1,35bc4d3be745502227a67247de77d70e691614ee,tokenizer.json,9454692,5d4798f2a8c9d598d6dc005614216989d4b6aeffaf9f6f5e136f0ec5fc4a4c13
here-be-dragons-ai/Kolibri-1-MLX-3bit,source,Aleph-Alpha/Kolibri-1,35bc4d3be745502227a67247de77d70e691614ee,tokenizer_config.json,8513,876849ec94a65a6b72e3fd1c8d37cc00db9892d4fd84279eb51602ea06cd1b46
here-be-dragons-ai/Kolibri-1-MLX-3bit,output,here-be-dragons-ai/Kolibri-1-MLX-3bit,2e6e769fda7f015697732569374a9e069252045f,LICENSE,11358,cfc7749b96f63bd31c3c42b5c471bf756814053e847c10f3eb003417bc523d30
here-be-dragons-ai/Kolibri-1-MLX-3bit,output,here-be-dragons-ai/Kolibri-1-MLX-3bit,2e6e769fda7f015697732569374a9e069252045f,chat_template.jinja,6236,9ba35d4bd6baa26b66aa75d03a922dfee98b16bb1fa37481b195d247267b0f97
here-be-dragons-ai/Kolibri-1-MLX-3bit,output,here-be-dragons-ai/Kolibri-1-MLX-3bit,2e6e769fda7f015697732569374a9e069252045f,config.json,120391,6a8cbfc2d03f426c77027ba428f0a2f4f1eea10283de3ccd3e8b53b60e1d9284
here-be-dragons-ai/Kolibri-1-MLX-3bit,output,here-be-dragons-ai/Kolibri-1-MLX-3bit,2e6e769fda7f015697732569374a9e069252045f,generation_config.json,152,40e0edd01855fc8abdfd2f7b0d4a54c52cf6dea3c678dc68b32c05f19c464450
here-be-dragons-ai/Kolibri-1-MLX-3bit,output,here-be-dragons-ai/Kolibri-1-MLX-3bit,2e6e769fda7f015697732569374a9e069252045f,model-00001-of-00007.safetensors,5354724279,c12fc576c759c0a86d5efb756183c6c74a06c9639f46ee21b7d4bb49b8fe7ca9
here-be-dragons-ai/Kolibri-1-MLX-3bit,output,here-be-dragons-ai/Kolibri-1-MLX-3bit,2e6e769fda7f015697732569374a9e069252045f,model-00002-of-00007.safetensors,5343359932,cc79824821240e0c24378245fa00da65ba637e6841a90aa8274bae3802ba2a9f
here-be-dragons-ai/Kolibri-1-MLX-3bit,output,here-be-dragons-ai/Kolibri-1-MLX-3bit,2e6e769fda7f015697732569374a9e069252045f,model-00003-of-00007.safetensors,5294756119,473ce2134d7e4df0d9b34a44f0f9d6e76822b2a22775ff9021d58d26a1d3649f
here-be-dragons-ai/Kolibri-1-MLX-3bit,output,here-be-dragons-ai/Kolibri-1-MLX-3bit,2e6e769fda7f015697732569374a9e069252045f,model-00004-of-00007.safetensors,5327631266,89f9f459dba9da71f024466064ea7f0dca7d1bd536202f7867b910a28c53df55
here-be-dragons-ai/Kolibri-1-MLX-3bit,output,here-be-dragons-ai/Kolibri-1-MLX-3bit,2e6e769fda7f015697732569374a9e069252045f,model-00005-of-00007.safetensors,5327631272,f7bb7e8a8934dfe8298810585605cbebaf8d2c50d6bd4c0674cfb773f4db060b
here-be-dragons-ai/Kolibri-1-MLX-3bit,output,here-be-dragons-ai/Kolibri-1-MLX-3bit,2e6e769fda7f015697732569374a9e069252045f,model-00006-of-00007.safetensors,5294756171,2ece9f7b91d8597e92ac01656fcf511039f5690f9fd34a9e664c85e8991e1fcc
here-be-dragons-ai/Kolibri-1-MLX-3bit,output,here-be-dragons-ai/Kolibri-1-MLX-3bit,2e6e769fda7f015697732569374a9e069252045f,model-00007-of-00007.safetensors,3263580009,710ed91b8bb50872fc30d172831e0e2f017aef33ac6f50c6b68630948199b669
here-be-dragons-ai/Kolibri-1-MLX-3bit,output,here-be-dragons-ai/Kolibri-1-MLX-3bit,2e6e769fda7f015697732569374a9e069252045f,model.safetensors.index.json,164187,4e25b175241d44cd85149cd59533f9d1b4d727db63f6dbe20b29cc249675cd4e
here-be-dragons-ai/Kolibri-1-MLX-3bit,output,here-be-dragons-ai/Kolibri-1-MLX-3bit,2e6e769fda7f015697732569374a9e069252045f,tokenizer.json,9454691,1b4eaa84ac1d79bf72e4aa2571536468b1c98c6acbdd9efc475cca55933977ec
here-be-dragons-ai/Kolibri-1-MLX-3bit,output,here-be-dragons-ai/Kolibri-1-MLX-3bit,2e6e769fda7f015697732569374a9e069252045f,tokenizer_config.json,450,5b05863387807af8cc4ec89fd3334b21d5a395fe4b1d5c433d0c8fa85af07ae2
here-be-dragons-ai/Apertus-v1.5-8B-MLX-8bit,source,swiss-ai/Apertus-v1.5-8B,a411d838600baf0e3635a3daf66fb7c55fc97bb6,Apertus_1_5_EU_Code_of_Practice.pdf,151960,2e4b304b04e445632f074ae10481386a72e97945c8a6b8ae8788a73f2b3c72e5
here-be-dragons-ai/Apertus-v1.5-8B-MLX-8bit,source,swiss-ai/Apertus-v1.5-8B,a411d838600baf0e3635a3daf66fb7c55fc97bb6,Apertus_1_5_EU_Public_Summary.pdf,305928,09275f31dffa639f993c8727ccc10f950e1e4fa6c6a15be9d9c44989577e9fd4
here-be-dragons-ai/Apertus-v1.5-8B-MLX-8bit,source,swiss-ai/Apertus-v1.5-8B,a411d838600baf0e3635a3daf66fb7c55fc97bb6,LICENSE.txt,11357,c71d239df91726fc519c6eb72d318ec65820627232b2f796219e87dcf35d0ab4
here-be-dragons-ai/Apertus-v1.5-8B-MLX-8bit,source,swiss-ai/Apertus-v1.5-8B,a411d838600baf0e3635a3daf66fb7c55fc97bb6,PRIVACY_POLICY.pdf,74180,2bad7851327017d928450864aa3b4d10c9fe40b842a2f988399083918ca0df97
here-be-dragons-ai/Apertus-v1.5-8B-MLX-8bit,source,swiss-ai/Apertus-v1.5-8B,a411d838600baf0e3635a3daf66fb7c55fc97bb6,README.md,16103,18a51aaaa92c5e286580dfa30e2fd065fac4c81b8e30776c0e294afafd5edc60
here-be-dragons-ai/Apertus-v1.5-8B-MLX-8bit,source,swiss-ai/Apertus-v1.5-8B,a411d838600baf0e3635a3daf66fb7c55fc97bb6,USAGE_POLICY.pdf,53794,424b0a0d24ee1369f9a8614d9e4c7eb0fc3ee8a9ad7ece39baea3a83f0d4ba76
here-be-dragons-ai/Apertus-v1.5-8B-MLX-8bit,source,swiss-ai/Apertus-v1.5-8B,a411d838600baf0e3635a3daf66fb7c55fc97bb6,assets/text_performance_plot.png,270249,5183f403871fe56745c38822a72d3c50e53a76d2cae4acadb67a9e253595bd61
here-be-dragons-ai/Apertus-v1.5-8B-MLX-8bit,source,swiss-ai/Apertus-v1.5-8B,a411d838600baf0e3635a3daf66fb7c55fc97bb6,assets/visual_performance_plot.png,136273,f3fe104ab0b8081a8bd6b41c2f5684349c788c926acbb7d67aa496c87d2c52e2
here-be-dragons-ai/Apertus-v1.5-8B-MLX-8bit,source,swiss-ai/Apertus-v1.5-8B,a411d838600baf0e3635a3daf66fb7c55fc97bb6,chat_template.jinja,16614,d23af2850029e9df88bb017e06e0c14a0462604588f1dbe4f519cdfac3e260e0
here-be-dragons-ai/Apertus-v1.5-8B-MLX-8bit,source,swiss-ai/Apertus-v1.5-8B,a411d838600baf0e3635a3daf66fb7c55fc97bb6,config.json,2607,391963f8b992c8445f68123306c8fb4aff1df62ddb5477989efd5cd2d491b686
here-be-dragons-ai/Apertus-v1.5-8B-MLX-8bit,source,swiss-ai/Apertus-v1.5-8B,a411d838600baf0e3635a3daf66fb7c55fc97bb6,generation_config.json,157,9131f56adebe0d591ba8ddc2d18d18edaf762a1ebce6750b24319c86b1d7d6d5
here-be-dragons-ai/Apertus-v1.5-8B-MLX-8bit,source,swiss-ai/Apertus-v1.5-8B,a411d838600baf0e3635a3daf66fb7c55fc97bb6,model-apertus-model-00001-of-00004.safetensors,4026725622,60d31e2d767d389ba990972a21cd0524e18c1ed39b65fcc727285db613ea81dc
here-be-dragons-ai/Apertus-v1.5-8B-MLX-8bit,source,swiss-ai/Apertus-v1.5-8B,a411d838600baf0e3635a3daf66fb7c55fc97bb6,model-apertus-model-00002-of-00004.safetensors,4701918018,8a0ae0ba1c37a5571276f042085c8f782b6f02c68a888acf1ae35c33b8253bd9
here-be-dragons-ai/Apertus-v1.5-8B-MLX-8bit,source,swiss-ai/Apertus-v1.5-8B,a411d838600baf0e3635a3daf66fb7c55fc97bb6,model-apertus-model-00003-of-00004.safetensors,3791726250,17f4ce43b67eacee899b6f23664d6b457259b2fbc89f5561cd69831d34a412c0
here-be-dragons-ai/Apertus-v1.5-8B-MLX-8bit,source,swiss-ai/Apertus-v1.5-8B,a411d838600baf0e3635a3daf66fb7c55fc97bb6,model-apertus-model-00004-of-00004.safetensors,4697854302,40bf7c8ba48bfe6748b6cf796bfe65cea0115fe74d0aa38ad5fcdb6af2cf3e0d
here-be-dragons-ai/Apertus-v1.5-8B-MLX-8bit,source,swiss-ai/Apertus-v1.5-8B,a411d838600baf0e3635a3daf66fb7c55fc97bb6,model-vision_tokenizer-model.safetensors,872647552,0f358b3c908d216172675cd57184ff6ce310705e385fedfd31c6f34e8197f9c8
here-be-dragons-ai/Apertus-v1.5-8B-MLX-8bit,source,swiss-ai/Apertus-v1.5-8B,a411d838600baf0e3635a3daf66fb7c55fc97bb6,model-wavtokenizer-model.safetensors,305269780,b2632390709c3cb1319d1a0c1387d5364587b8a78a00efa2e93f15185ae82c02
here-be-dragons-ai/Apertus-v1.5-8B-MLX-8bit,source,swiss-ai/Apertus-v1.5-8B,a411d838600baf0e3635a3daf66fb7c55fc97bb6,model.safetensors.index.json,100124,d7277f7abd8d669b6711987f41c90acffadf3a36e8589d7b9172275220836818
here-be-dragons-ai/Apertus-v1.5-8B-MLX-8bit,source,swiss-ai/Apertus-v1.5-8B,a411d838600baf0e3635a3daf66fb7c55fc97bb6,processor_config.json,763,6ac8e5d4654417f54c73ae7d5949371d1269785e34e11ec424682bb652367711
here-be-dragons-ai/Apertus-v1.5-8B-MLX-8bit,source,swiss-ai/Apertus-v1.5-8B,a411d838600baf0e3635a3daf66fb7c55fc97bb6,special_tokens_map.json,552,358c249e2fb29060c6b73157d428853b0c48710deffc8ee670ab1013880946c9
here-be-dragons-ai/Apertus-v1.5-8B-MLX-8bit,source,swiss-ai/Apertus-v1.5-8B,a411d838600baf0e3635a3daf66fb7c55fc97bb6,tokenizer.json,44028400,1f2f6198ea5789e5a90ec7c5ec5cf0d5242cf5b8de007105537c91d777581582
here-be-dragons-ai/Apertus-v1.5-8B-MLX-8bit,source,swiss-ai/Apertus-v1.5-8B,a411d838600baf0e3635a3daf66fb7c55fc97bb6,tokenizer_config.json,2030,43cdc9d1f25c45ae88cd4ee6509ec63a8088a19af1dc7300d13b874a626de871
here-be-dragons-ai/Apertus-v1.5-8B-MLX-8bit,output,here-be-dragons-ai/Apertus-v1.5-8B-MLX-8bit,3d68c6045f42a5e314cda296ca907cc10ad291b2,LICENSE.txt,11357,c71d239df91726fc519c6eb72d318ec65820627232b2f796219e87dcf35d0ab4
here-be-dragons-ai/Apertus-v1.5-8B-MLX-8bit,output,here-be-dragons-ai/Apertus-v1.5-8B-MLX-8bit,3d68c6045f42a5e314cda296ca907cc10ad291b2,assets/text_performance_plot.png,270249,5183f403871fe56745c38822a72d3c50e53a76d2cae4acadb67a9e253595bd61
here-be-dragons-ai/Apertus-v1.5-8B-MLX-8bit,output,here-be-dragons-ai/Apertus-v1.5-8B-MLX-8bit,3d68c6045f42a5e314cda296ca907cc10ad291b2,assets/visual_performance_plot.png,136273,f3fe104ab0b8081a8bd6b41c2f5684349c788c926acbb7d67aa496c87d2c52e2
here-be-dragons-ai/Apertus-v1.5-8B-MLX-8bit,output,here-be-dragons-ai/Apertus-v1.5-8B-MLX-8bit,3d68c6045f42a5e314cda296ca907cc10ad291b2,chat_template.jinja,16614,d23af2850029e9df88bb017e06e0c14a0462604588f1dbe4f519cdfac3e260e0
here-be-dragons-ai/Apertus-v1.5-8B-MLX-8bit,output,here-be-dragons-ai/Apertus-v1.5-8B-MLX-8bit,3d68c6045f42a5e314cda296ca907cc10ad291b2,config.json,3594,190d0dec190bd761454f68866ab35ab406428530aa4f8f128fe70b8f1c06f889
here-be-dragons-ai/Apertus-v1.5-8B-MLX-8bit,output,here-be-dragons-ai/Apertus-v1.5-8B-MLX-8bit,3d68c6045f42a5e314cda296ca907cc10ad291b2,generation_config.json,157,9131f56adebe0d591ba8ddc2d18d18edaf762a1ebce6750b24319c86b1d7d6d5
here-be-dragons-ai/Apertus-v1.5-8B-MLX-8bit,output,here-be-dragons-ai/Apertus-v1.5-8B-MLX-8bit,3d68c6045f42a5e314cda296ca907cc10ad291b2,model-00001-of-00002.safetensors,5359244060,6d975f488bef2fee1598e55664f6d1b065b71575662ebf65ec558434f4755a9f
here-be-dragons-ai/Apertus-v1.5-8B-MLX-8bit,output,here-be-dragons-ai/Apertus-v1.5-8B-MLX-8bit,3d68c6045f42a5e314cda296ca907cc10ad291b2,model-00002-of-00002.safetensors,4702496805,c5a0d2ae3c074cfe8c3d71c2c0187993adacb9581095918ebf3c38ba56c0a512
here-be-dragons-ai/Apertus-v1.5-8B-MLX-8bit,output,here-be-dragons-ai/Apertus-v1.5-8B-MLX-8bit,3d68c6045f42a5e314cda296ca907cc10ad291b2,model.safetensors.index.json,112164,d13d1e17806d7dcb6d22a9eea581d41d75d2c30e89e4281dbe3e75c9dfb58c18
here-be-dragons-ai/Apertus-v1.5-8B-MLX-8bit,output,here-be-dragons-ai/Apertus-v1.5-8B-MLX-8bit,3d68c6045f42a5e314cda296ca907cc10ad291b2,processor_config.json,47,8181d134ea681bebb964f9216f21889d2533c4eee5573a734438a5cc4f9e823c
here-be-dragons-ai/Apertus-v1.5-8B-MLX-8bit,output,here-be-dragons-ai/Apertus-v1.5-8B-MLX-8bit,3d68c6045f42a5e314cda296ca907cc10ad291b2,special_tokens_map.json,552,358c249e2fb29060c6b73157d428853b0c48710deffc8ee670ab1013880946c9
here-be-dragons-ai/Apertus-v1.5-8B-MLX-8bit,output,here-be-dragons-ai/Apertus-v1.5-8B-MLX-8bit,3d68c6045f42a5e314cda296ca907cc10ad291b2,tokenizer.json,44028400,1f2f6198ea5789e5a90ec7c5ec5cf0d5242cf5b8de007105537c91d777581582
here-be-dragons-ai/Apertus-v1.5-8B-MLX-8bit,output,here-be-dragons-ai/Apertus-v1.5-8B-MLX-8bit,3d68c6045f42a5e314cda296ca907cc10ad291b2,tokenizer_config.json,2109,b5abf6549adeab8bc2217d41ca0fff2c9400cf05130cfb0dc871c53fb6e09cfa
here-be-dragons-ai/Apertus-v1.5-70B-MLX-3bit,source,swiss-ai/Apertus-v1.5-70B,59e744e313e967811aefabde3732609b64201acc,.eval_results/lexam-hard.yaml,487,35db507cfa4f99aa3cd3bfb11039d417abeaac57df420c79e1d126fcdce7551b
here-be-dragons-ai/Apertus-v1.5-70B-MLX-3bit,source,swiss-ai/Apertus-v1.5-70B,59e744e313e967811aefabde3732609b64201acc,Apertus_1_5_EU_Code_of_Practice.pdf,151960,2e4b304b04e445632f074ae10481386a72e97945c8a6b8ae8788a73f2b3c72e5
here-be-dragons-ai/Apertus-v1.5-70B-MLX-3bit,source,swiss-ai/Apertus-v1.5-70B,59e744e313e967811aefabde3732609b64201acc,Apertus_1_5_EU_Public_Summary.pdf,305928,09275f31dffa639f993c8727ccc10f950e1e4fa6c6a15be9d9c44989577e9fd4
here-be-dragons-ai/Apertus-v1.5-70B-MLX-3bit,source,swiss-ai/Apertus-v1.5-70B,59e744e313e967811aefabde3732609b64201acc,LICENSE.txt,11357,c71d239df91726fc519c6eb72d318ec65820627232b2f796219e87dcf35d0ab4
here-be-dragons-ai/Apertus-v1.5-70B-MLX-3bit,source,swiss-ai/Apertus-v1.5-70B,59e744e313e967811aefabde3732609b64201acc,PRIVACY_POLICY.pdf,74180,2bad7851327017d928450864aa3b4d10c9fe40b842a2f988399083918ca0df97
here-be-dragons-ai/Apertus-v1.5-70B-MLX-3bit,source,swiss-ai/Apertus-v1.5-70B,59e744e313e967811aefabde3732609b64201acc,README.md,16103,18a51aaaa92c5e286580dfa30e2fd065fac4c81b8e30776c0e294afafd5edc60
here-be-dragons-ai/Apertus-v1.5-70B-MLX-3bit,source,swiss-ai/Apertus-v1.5-70B,59e744e313e967811aefabde3732609b64201acc,USAGE_POLICY.pdf,53794,424b0a0d24ee1369f9a8614d9e4c7eb0fc3ee8a9ad7ece39baea3a83f0d4ba76
here-be-dragons-ai/Apertus-v1.5-70B-MLX-3bit,source,swiss-ai/Apertus-v1.5-70B,59e744e313e967811aefabde3732609b64201acc,assets/text_performance_plot.png,270249,5183f403871fe56745c38822a72d3c50e53a76d2cae4acadb67a9e253595bd61
here-be-dragons-ai/Apertus-v1.5-70B-MLX-3bit,source,swiss-ai/Apertus-v1.5-70B,59e744e313e967811aefabde3732609b64201acc,assets/visual_performance_plot.png,136273,f3fe104ab0b8081a8bd6b41c2f5684349c788c926acbb7d67aa496c87d2c52e2
here-be-dragons-ai/Apertus-v1.5-70B-MLX-3bit,source,swiss-ai/Apertus-v1.5-70B,59e744e313e967811aefabde3732609b64201acc,chat_template.jinja,16614,d23af2850029e9df88bb017e06e0c14a0462604588f1dbe4f519cdfac3e260e0
here-be-dragons-ai/Apertus-v1.5-70B-MLX-3bit,source,swiss-ai/Apertus-v1.5-70B,59e744e313e967811aefabde3732609b64201acc,config.json,2607,fdc3e1d6c2bd2829d31910c002be742c4baada8f86a90c758b8d844b69b9aa96
here-be-dragons-ai/Apertus-v1.5-70B-MLX-3bit,source,swiss-ai/Apertus-v1.5-70B,59e744e313e967811aefabde3732609b64201acc,generation_config.json,157,9131f56adebe0d591ba8ddc2d18d18edaf762a1ebce6750b24319c86b1d7d6d5
here-be-dragons-ai/Apertus-v1.5-70B-MLX-3bit,source,swiss-ai/Apertus-v1.5-70B,59e744e313e967811aefabde3732609b64201acc,model-apertus-model-00001-of-00003.safetensors,49846174608,194d1da2dc3a8908947e5f100b9baa974339e7bb045280b188bae4e81e78236b
here-be-dragons-ai/Apertus-v1.5-70B-MLX-3bit,source,swiss-ai/Apertus-v1.5-70B,59e744e313e967811aefabde3732609b64201acc,model-apertus-model-00002-of-00003.safetensors,47144990704,beed3fb82244008cbe4ee2183ae38d7ec8d41c2ba82c57691a2debb3fd361400
here-be-dragons-ai/Apertus-v1.5-70B-MLX-3bit,source,swiss-ai/Apertus-v1.5-70B,59e744e313e967811aefabde3732609b64201acc,model-apertus-model-00003-of-00003.safetensors,46431689632,58831e840872beb159ef21a06963489084b2e40f8059a6eaaeafc0ccd3f1496a
here-be-dragons-ai/Apertus-v1.5-70B-MLX-3bit,source,swiss-ai/Apertus-v1.5-70B,59e744e313e967811aefabde3732609b64201acc,model-vision_tokenizer-model.safetensors,872647552,0f358b3c908d216172675cd57184ff6ce310705e385fedfd31c6f34e8197f9c8
here-be-dragons-ai/Apertus-v1.5-70B-MLX-3bit,source,swiss-ai/Apertus-v1.5-70B,59e744e313e967811aefabde3732609b64201acc,model-wavtokenizer-model.safetensors,305269780,b2632390709c3cb1319d1a0c1387d5364587b8a78a00efa2e93f15185ae82c02
here-be-dragons-ai/Apertus-v1.5-70B-MLX-3bit,source,swiss-ai/Apertus-v1.5-70B,59e744e313e967811aefabde3732609b64201acc,model.safetensors.index.json,174093,0a37fd2455d4f0a77aebd96039074612247a391eab82c1253abbfc995e1054e3
here-be-dragons-ai/Apertus-v1.5-70B-MLX-3bit,source,swiss-ai/Apertus-v1.5-70B,59e744e313e967811aefabde3732609b64201acc,processor_config.json,763,6ac8e5d4654417f54c73ae7d5949371d1269785e34e11ec424682bb652367711
here-be-dragons-ai/Apertus-v1.5-70B-MLX-3bit,source,swiss-ai/Apertus-v1.5-70B,59e744e313e967811aefabde3732609b64201acc,special_tokens_map.json,552,358c249e2fb29060c6b73157d428853b0c48710deffc8ee670ab1013880946c9
here-be-dragons-ai/Apertus-v1.5-70B-MLX-3bit,source,swiss-ai/Apertus-v1.5-70B,59e744e313e967811aefabde3732609b64201acc,tokenizer.json,44028400,1f2f6198ea5789e5a90ec7c5ec5cf0d5242cf5b8de007105537c91d777581582
here-be-dragons-ai/Apertus-v1.5-70B-MLX-3bit,source,swiss-ai/Apertus-v1.5-70B,59e744e313e967811aefabde3732609b64201acc,tokenizer_config.json,2030,43cdc9d1f25c45ae88cd4ee6509ec63a8088a19af1dc7300d13b874a626de871
here-be-dragons-ai/Apertus-v1.5-70B-MLX-3bit,output,here-be-dragons-ai/Apertus-v1.5-70B-MLX-3bit,5bdb746d3650bd88736c25946ac28c08aa26ecd9,LICENSE.txt,11357,c71d239df91726fc519c6eb72d318ec65820627232b2f796219e87dcf35d0ab4
here-be-dragons-ai/Apertus-v1.5-70B-MLX-3bit,output,here-be-dragons-ai/Apertus-v1.5-70B-MLX-3bit,5bdb746d3650bd88736c25946ac28c08aa26ecd9,assets/text_performance_plot.png,270249,5183f403871fe56745c38822a72d3c50e53a76d2cae4acadb67a9e253595bd61
here-be-dragons-ai/Apertus-v1.5-70B-MLX-3bit,output,here-be-dragons-ai/Apertus-v1.5-70B-MLX-3bit,5bdb746d3650bd88736c25946ac28c08aa26ecd9,assets/visual_performance_plot.png,136273,f3fe104ab0b8081a8bd6b41c2f5684349c788c926acbb7d67aa496c87d2c52e2
here-be-dragons-ai/Apertus-v1.5-70B-MLX-3bit,output,here-be-dragons-ai/Apertus-v1.5-70B-MLX-3bit,5bdb746d3650bd88736c25946ac28c08aa26ecd9,chat_template.jinja,16614,d23af2850029e9df88bb017e06e0c14a0462604588f1dbe4f519cdfac3e260e0
here-be-dragons-ai/Apertus-v1.5-70B-MLX-3bit,output,here-be-dragons-ai/Apertus-v1.5-70B-MLX-3bit,5bdb746d3650bd88736c25946ac28c08aa26ecd9,config.json,148947,f3cb17d59211919a8a822aa5495c33e469184c73a5af82d142f77ce2dd585202
here-be-dragons-ai/Apertus-v1.5-70B-MLX-3bit,output,here-be-dragons-ai/Apertus-v1.5-70B-MLX-3bit,5bdb746d3650bd88736c25946ac28c08aa26ecd9,generation_config.json,157,9131f56adebe0d591ba8ddc2d18d18edaf762a1ebce6750b24319c86b1d7d6d5
here-be-dragons-ai/Apertus-v1.5-70B-MLX-3bit,output,here-be-dragons-ai/Apertus-v1.5-70B-MLX-3bit,5bdb746d3650bd88736c25946ac28c08aa26ecd9,model-00001-of-00007.safetensors,5365109279,a81002bb087f26563dfcf9f346f35b0f565f466388bf3c194ab06b142e322ca6
here-be-dragons-ai/Apertus-v1.5-70B-MLX-3bit,output,here-be-dragons-ai/Apertus-v1.5-70B-MLX-3bit,5bdb746d3650bd88736c25946ac28c08aa26ecd9,model-00002-of-00007.safetensors,5241295487,a266f9fe3f32119ed0b4153433778c848ce35bf26da5c26f9b778383f0253fde
here-be-dragons-ai/Apertus-v1.5-70B-MLX-3bit,output,here-be-dragons-ai/Apertus-v1.5-70B-MLX-3bit,5bdb746d3650bd88736c25946ac28c08aa26ecd9,model-00003-of-00007.safetensors,5241295518,68e98dbaccc0b9c25b91a35769310da2405d4c6a46cfc984ba987429dd78105c
here-be-dragons-ai/Apertus-v1.5-70B-MLX-3bit,output,here-be-dragons-ai/Apertus-v1.5-70B-MLX-3bit,5bdb746d3650bd88736c25946ac28c08aa26ecd9,model-00004-of-00007.safetensors,5241295394,d86f388ac15ce7c4d788b494e231334af8106ee3dfd074abe98911a565d9c266
here-be-dragons-ai/Apertus-v1.5-70B-MLX-3bit,output,here-be-dragons-ai/Apertus-v1.5-70B-MLX-3bit,5bdb746d3650bd88736c25946ac28c08aa26ecd9,model-00005-of-00007.safetensors,5241295400,0680463d64d53679f56856185c472515670fcf37f2c7821f2899af42bd0a3098
here-be-dragons-ai/Apertus-v1.5-70B-MLX-3bit,output,here-be-dragons-ai/Apertus-v1.5-70B-MLX-3bit,5bdb746d3650bd88736c25946ac28c08aa26ecd9,model-00006-of-00007.safetensors,5241295470,e7554014764835ce82bfca9f95c56741f75d192cf8d282a8258c8812d7e479c3
here-be-dragons-ai/Apertus-v1.5-70B-MLX-3bit,output,here-be-dragons-ai/Apertus-v1.5-70B-MLX-3bit,5bdb746d3650bd88736c25946ac28c08aa26ecd9,model-00007-of-00007.safetensors,1026606625,3e2eb65741dc4208859bc1d9703d98589a60d5c2ba425248eb132652613e68bd
here-be-dragons-ai/Apertus-v1.5-70B-MLX-3bit,output,here-be-dragons-ai/Apertus-v1.5-70B-MLX-3bit,5bdb746d3650bd88736c25946ac28c08aa26ecd9,model.safetensors.index.json,209122,92a41a762b6583a91c8777e3c32ded73da5d17f1a7cb3249f8d83669437490b4
here-be-dragons-ai/Apertus-v1.5-70B-MLX-3bit,output,here-be-dragons-ai/Apertus-v1.5-70B-MLX-3bit,5bdb746d3650bd88736c25946ac28c08aa26ecd9,processor_config.json,47,8181d134ea681bebb964f9216f21889d2533c4eee5573a734438a5cc4f9e823c
here-be-dragons-ai/Apertus-v1.5-70B-MLX-3bit,output,here-be-dragons-ai/Apertus-v1.5-70B-MLX-3bit,5bdb746d3650bd88736c25946ac28c08aa26ecd9,special_tokens_map.json,552,358c249e2fb29060c6b73157d428853b0c48710deffc8ee670ab1013880946c9
here-be-dragons-ai/Apertus-v1.5-70B-MLX-3bit,output,here-be-dragons-ai/Apertus-v1.5-70B-MLX-3bit,5bdb746d3650bd88736c25946ac28c08aa26ecd9,tokenizer.json,44028400,1f2f6198ea5789e5a90ec7c5ec5cf0d5242cf5b8de007105537c91d777581582
here-be-dragons-ai/Apertus-v1.5-70B-MLX-3bit,output,here-be-dragons-ai/Apertus-v1.5-70B-MLX-3bit,5bdb746d3650bd88736c25946ac28c08aa26ecd9,tokenizer_config.json,2109,b5abf6549adeab8bc2217d41ca0fff2c9400cf05130cfb0dc871c53fb6e09cfa
