id,repo,downloads,likes,created
luciole-23b,OpenLLM-France/Luciole-23B-Instruct-1.1-GGUF,206,4,2026-07-08
luciole-8b,OpenLLM-France/Luciole-8B-Instruct-1.1-GGUF,174,4,2026-07-08
lucie-7b,mradermacher/Lucie-7B-Instruct-v1.1-GGUF,398,3,2025-02-17
lucie-7b,tensorblock/Lucie-7B-Instruct-v1.1-GGUF,273,0,2025-03-23
lucie-7b,DevQuasar-9/OpenLLM-France.Lucie-7B-Instruct-v1.1-GGUF,258,0,2025-02-23
lucie-7b,OpenLLM-France/Lucie-7B-Instruct-v1.1-gguf,136,6,2025-02-14
lucie-7b,keisuke-miyako/Lucie-7B-Instruct-v1.1-gguf-q4_k_m,23,0,2026-02-01
eurollm-22b,bartowski/utter-project_EuroLLM-22B-Instruct-2512-GGUF,3094,8,2025-12-16
eurollm-22b,mradermacher/EuroLLM-22B-Instruct-2512-GGUF,1642,2,2025-12-15
eurollm-22b,mradermacher/EuroLLM-22B-Instruct-2512-i1-GGUF,953,0,2025-12-15
eurollm-22b,sixelasacul/EuroLLM-22B-it-GGUF,110,1,2026-09-29
eurollm-22b,DevQuasar/utter-project.EuroLLM-22B-Instruct-2512-GGUF,101,0,2025-12-31
eurollm-22b,peekman/EuroLLM-22B-Instruct-2512-Q5_K_M-GGUF,14,0,2025-12-27
eurollm-9b,mradermacher/EuroLLM-9B-Instruct-2512-GGUF,1243,1,2026-02-06
eurollm-9b,mradermacher/EuroLLM-9B-Instruct-2512-i1-GGUF,693,2,2026-02-06
eurollm-9b,stefancosma/EuroLLM-9B-Instruct-2512-Q4_K_M-GGUF,47,0,2026-10-06
eurollm-9b,keisuke-miyako/EuroLLM-9B-Instruct-2512-gguf-q4_k_m,39,0,2026-04-08
alia-40b,mradermacher/ALIA-40b-instruct-2606-i1-GGUF,1231,1,2026-07-03
alia-40b,mradermacher/ALIA-40b-instruct-2606-GGUF,476,0,2026-07-03
alia-40b,BSC-LT/ALIA-40b-instruct-2606-GGUF,90,0,2026-06-30
salamandra-7b,RichardErkhov/BSC-LT_-_salamandra-7b-instruct-gguf,2900,0,2024-10-11
salamandra-7b,hdnh2006/BSC-LT-salamandra-7b-instruct-gguf,646,2,2025-01-23
salamandra-7b,cstr/salamandra-7b-instruct-GGUF,593,2,2024-10-03
salamandra-7b,tensorblock/salamandra-7b-instruct-GGUF,180,1,2025-02-15
salamandra-7b,Fr4nkSt3in/salamandra-7b-instruct-2606-BF16-GGUF,178,0,2026-10-01
salamandra-7b,stepii/salamandra-7b-instruct-GGUF,79,0,2025-07-22
salamandra-7b,fernandoruiz/salamandra-7b-instruct-Q4_0-GGUF,45,2,2025-01-25
salamandra-7b,Abogatic/BSC-LT-salamandra-7b-instruct-GGUF,39,0,2025-01-21
salamandra-7b,ericrisco/salamandra-7b-r1,38,2,2025-02-18
salamandra-7b,rdrgzlng/salamandra-7b-instruct-GGUF,26,0,2026-04-12
salamandra-7b,capa8/salamandra-7b-instruct-Q8_0-GGUF,25,0,2025-01-23
salamandra-7b,StickyWorm/salamandra-7b-instruct-Q2_K-GGUF,18,0,2025-02-01
salamandra-7b,alamios/salamandra-7b-instruct-GGUF-f16,13,0,2025-01-20
salamandra-7b,elsatch/salamandra-7b-instruct-Q8_0-GGUF,8,1,2024-10-10
apertus-1.5-70b,katya228/Apertus-v1.5-70B-text-GGUF,710,1,2026-08-03
viking-33b,mradermacher/Viking-33B-i1-GGUF,5902,0,2024-07-03
viking-33b,mradermacher/Viking-33B-GGUF,804,0,2024-07-03
viking-33b,tensorblock/Viking-33B-GGUF,187,0,2024-12-11
viking-33b,NikolayKozloff/Viking-33B-Q2_K-GGUF,19,1,2024-07-02
helium-1-2b,Hob-forge/helium-1-2b-GGUF,470,0,2026-04-29
helium-1-2b,DevQuasar/kyutai.helium-1-2b-GGUF,159,4,2025-05-04
helium-1-2b,tensorblock/kyutai_helium-1-2b-GGUF,64,2,2025-07-16
helium-1-2b,NikolayKozloff/helium-1-2b-Q8_0-GGUF,33,3,2025-04-30
pleias-rag-1b,brendanddev/Pleias-RAG-1B-Q4_K_M-GGUF,31,0,2026-04-02
kolibri-1,Hob-forge/Kolibri-1-GGUF,26327,19,2026-10-03
kolibri-1,webmp3/Sakura-MicroQuality-Kolibri-1-GGUF,1127,2,2026-10-05
kolibri-1,webmp3/Sakura-MicroQuality-Kolibri-1-365E-GGUF,773,2,2026-10-05
kolibri-1,Prompt48/Kolibri-1-GGUF,771,3,2026-10-04
kolibri-1,aparusel/ds4-kolibri-1-gguf,688,1,2026-10-05
kolibri-1,Myric/Kolibri-1-APEX-GGUF,0,0,2026-10-07
devstral-small-2,unsloth/Devstral-Small-2-24B-Instruct-2512-GGUF,50489,185,2025-12-10
devstral-small-2,lmstudio-community/Devstral-Small-2-24B-Instruct-2512-GGUF,43985,7,2025-12-08
devstral-small-2,bartowski/mistralai_Devstral-Small-2-24B-Instruct-2512-GGUF,19602,55,2025-12-09
devstral-small-2,backpack-run/Devstral-Small-2-24B-Instruct-2512-GGUF,3605,4,2026-08-30
devstral-small-2,byteshape/Devstral-Small-2-24B-Instruct-2512-GGUF,1924,35,2026-02-17
devstral-small-2,ggml-org/Devstral-Small-2-24B-Instruct-2512-GGUF,1814,7,2025-12-18
devstral-small-2,FreedomAISVR/Devstral-Small-2-MXFP4-GGUF,688,0,2026-06-16
devstral-small-2,jkim96/Devstral-Small-2-24B-Instruct-2512-DASHQ-Q2-GGUF,479,0,2026-10-07
devstral-small-2,viniciusianni/Devstral-Small-2-24B-Instruct-2512-Q4_K_M-GGUF,434,1,2026-05-31
devstral-small-2,freddm/Devstral-Small-2-24B-Instruct-2512-GGUF,237,0,2026-02-13
devstral-small-2,DevQuasar/mistralai.Devstral-Small-2-24B-Instruct-2512-GGUF,187,0,2025-12-11
devstral-small-2,FreedomAISVR/Devstral-Small-2-NVFP4-GGUF,136,1,2026-06-16
devstral-small-2,ubergarm/Devstral-Small-2-24B-Instruct-2512-GGUF,61,2,2025-12-25
devstral-small-2,keypa/Devstral-Small-2-24B-Instruct-2512-GGUF,30,0,2025-12-13
devstral-small-2,tiktemu/ByteShape___Devstral-Small-2-24B-Instruct-2512-GGUF,0,1,2026-05-25
magistral-small-2509,unsloth/Magistral-Small-2509-GGUF,7086,106,2025-09-17
magistral-small-2509,mistralai/Magistral-Small-2509-GGUF,5360,76,2025-09-12
magistral-small-2509,lmstudio-community/Magistral-Small-2509-GGUF,3750,4,2025-09-18
magistral-small-2509,bartowski/mistralai_Magistral-Small-2509-GGUF,3125,10,2025-09-17
magistral-small-2509,DevQuasar/mistralai.Magistral-Small-2509-GGUF,698,0,2025-09-18
magistral-small-2509,FreedomAISVR/Magistral-Small-2509-NVFP4-GGUF,54,1,2026-06-17
magistral-small-2509,FreedomAISVR/Magistral-Small-2509-MXFP4-GGUF,38,0,2026-06-17
magistral-small-2509,nimishchaudhari/Magistral-Small-2509-IQ4_KS-GGUF,28,0,2025-09-23
magistral-small-2509,jkim96/Magistral-Small-2509-DASHQ-Q2-GGUF,0,0,2026-10-08
mistral-small-3.2,unsloth/Mistral-Small-3.2-24B-Instruct-2506-GGUF,55437,195,2025-06-20
mistral-small-3.2,bartowski/mistralai_Mistral-Small-3.2-24B-Instruct-2506-GGUF,17108,42,2025-06-20
mistral-small-3.2,lmstudio-community/Mistral-Small-3.2-24B-Instruct-2506-GGUF,6692,8,2025-06-20
mistral-small-3.2,Sci-fi-vy/Mistral-Small-3.2-24B-Instruct-2506-GGUF,2352,0,2025-06-25
mistral-small-3.2,gabriellarson/Mistral-Small-3.2-24B-Instruct-2506-GGUF,1370,5,2025-06-20
mistral-small-3.2,eaddario/Mistral-Small-3.2-24B-Instruct-2506-pruned-GGUF,924,0,2025-07-19
mistral-small-3.2,eaddario/Mistral-Small-3.2-24B-Instruct-2506-GGUF,673,0,2025-07-18
mistral-small-3.2,jkim96/Mistral-Small-3.2-24B-Instruct-2506-DASHQ-Q2-GGUF,543,0,2026-10-07
mistral-small-3.2,ngxson/Home-Cook-Mistral-Small-Omni-24B-2507-GGUF,268,27,2025-07-28
mistral-small-3.2,smarttasks/Mistral-Small-3.2-24B-Instruct-GGUF,236,0,2026-07-17
mistral-small-3.2,DevQuasar/mistralai.Mistral-Small-3.2-24B-Instruct-2506-GGUF,220,0,2025-06-22
mistral-small-3.2,SufficientPrune3897/Mistral-Small-3.2-24B-Character-Creator-V2-GGUF,191,5,2026-03-21
mistral-small-3.2,gratex/mistral-small-3.2-24B-Instruct-2506-GGUF,165,0,2026-05-10
mistral-small-3.2,AbteeXAILab/lumynax-infused-mistral-small-text-gguf,135,0,2026-04-19
mistral-small-3.2,llmware/mistral-3.2-24b-gguf,103,1,2025-07-05
mistral-small-3.2,fenyo/MonEspaceSante-FAQ-Mistral-Small-24B-GGUF,99,0,2026-05-29
mistral-small-3.2,steampunque/Mistral-Small-3.2-24B-Instruct-2506-MP-GGUF,72,2,2025-06-21
mistral-small-3.2,Beinsezii/Mistral-Small-3.2-24B-Instruct-2506-Q6F-Q8A-GGUF,50,0,2025-06-21
mistral-small-3.2,TribeBlend/tribeblend-etl-mistral-small-24b-instruct,24,0,2026-06-22
mistral-small-3.2,AmpereComputing/mistral-small-3.2-2506-24b-instruct-gguf,13,0,2025-07-22
ministral-3-14b,mistralai/Ministral-3-14B-Instruct-2512-GGUF,44018,77,2025-10-31
ministral-3-14b,unsloth/Ministral-3-14B-Instruct-2512-GGUF,13616,90,2025-12-02
ministral-3-14b,prithivMLmods/Ministral-3-Instruct-2512-AIO-GGUF,3740,2,2025-12-02
ministral-3-14b,eaddario/Ministral-3-14B-Instruct-2512-GGUF,1223,0,2026-01-21
ministral-3-14b,jkim96/Ministral-3-14B-Instruct-2512-DASHQ-Q2-GGUF,489,0,2026-10-07
ministral-3-14b,iasarkar/Ministral-3-14B-Instruct-2512-GGUF,427,0,2026-06-26
ministral-3-14b,s3dev-ai/Ministral-3-14B-Instruct-2512-gguf,346,0,2026-04-23
ministral-3-14b,DevQuasar/mistralai.Ministral-3-14B-Instruct-2512-GGUF,262,0,2025-12-04
ministral-3-14b,robolamp/Ministral-3-14B-Instruct-2512-GGUF,160,0,2025-12-05
ministral-3-14b,FreedomAISVR/Ministral-3-14B-Instruct-2512-NVFP4-GGUF,111,1,2026-06-24
ministral-3-14b,spotapovadm/Ministral-3-14B-Instruct-2512-GGUF,74,0,2026-05-05
ministral-3-14b,FreedomAISVR/Ministral-3-14B-Instruct-2512-MXFP4-GGUF,73,0,2026-06-24
ministral-3-14b,steampunque/Ministral-3-14B-Instruct-2512-MP-GGUF,47,0,2025-12-06
ministral-3-14b,llmware/ministral-3-14b-gguf,43,0,2026-02-23
ministral-3-14b,rumtex/Ministral-3-14B-Instruct-2512-Q3_K_M-GGUF,39,0,2026-06-02
ministral-3-14b,marianaCondeco/Ministral-3-14B-Instruct-2512-Q4_K_M-GGUF,25,0,2026-04-23
mistral-small-4,unsloth/Mistral-Small-4-119B-2603-GGUF,14491,87,2026-03-17
mistral-small-4,bartowski/mistralai_Mistral-Small-4-119B-2603-GGUF,5615,18,2026-03-16
mistral-small-4,kingjones777/Mistral-Small-4-119B-ROCmFP4-GGUF,5095,0,2026-08-16
mistral-small-4,mudler/Mistral-Small-4-119B-2603-APEX-GGUF,4755,2,2026-04-05
mistral-small-4,mradermacher/Mistral-Small-4-119B-2603-i1-GGUF,2003,3,2026-03-22
mistral-small-4,mradermacher/Mistral-Small-4-119B-2603-GGUF,1932,1,2026-03-21
mistral-small-4,lmstudio-community/Mistral-Small-4-119B-2603-GGUF,1121,8,2026-03-13
mistral-small-4,AaryanK/Mistral-Small-4-119B-2603-GGUF,836,2,2026-03-16
mistral-small-4,DevQuasar/mistralai.Mistral-Small-4-119B-2603-GGUF,792,0,2026-03-18
mistral-small-4,stefan-terdell-cleura/Mistral-Small-4-119B-2603-GGUF,608,0,2026-04-02
mistral-small-4,jenerallee78/Mistral-Small-4-119B-2603-obliterated-Q4_K_M-GGUF,566,6,2026-03-21
mistral-small-4,EnlistedGhost/Mistral-Small-4-119B-2603-GGUF,528,2,2026-07-08
mistral-small-4,AesSedai/Mistral-Small-4-119B-2603-GGUF,382,8,2026-03-17
mistral-small-4,noctrex/Mistral-Small-4-119B-2603-MXFP4_MOE-GGUF,279,3,2026-03-17
mistral-small-4,Jamphus/Mistral-Small-4-119B-2603-obliterated-Q4_K_M-GGUF,240,0,2026-09-09
mistral-small-4,batiai/Mistral-Small-4-119B-GGUF,171,0,2026-06-18
mistral-small-4,AlexanderKyng/Mistral-Small-119B-2603-ik-GGUF,154,0,2026-04-11
mistral-small-4,DanyDA/unsloth_Mistral-Small-4-119B-2603-UD-Q4_K_M-GGUF-SPLIT,79,0,2026-03-18
mistral-small-4,Beinsezii/Mistral-Small-4-119B-2603-GGUF-HALO,68,3,2026-03-17
mistral-small-4,kingjones777/Mistral-Small-4-119B-ROCmFPX-Q8_0-GGUF,45,0,2026-08-16
mistral-small-4,kingjones777/Mistral-Small-4-119B-ROCmFPX-Q8_0-AGENT-GGUF,45,0,2026-08-16
bielik-11b-v3,speakleash/Bielik-11B-v3.0-Instruct-GGUF,7925,31,2025-12-30
bielik-11b-v3,bartowski/speakleash_Bielik-11B-v3.0-Instruct-GGUF,1040,5,2026-01-05
bielik-11b-v3,DevQuasar/speakleash.Bielik-11B-v3.0-Instruct-GGUF,276,0,2026-01-03
bielik-11b-v3,safestack/Bielik-11B-v3.0-Instruct-GGUF,129,1,2026-01-21
bielik-11b-v3,altomek/Bielik-11B-v3.0-Instruct-XXL-GGUF,77,1,2026-01-02
minerva-7b,sapienzanlp/Minerva-7B-instruct-v1.0-GGUF,454,6,2024-12-07
minerva-7b,DevQuasar-5/sapienzanlp.Minerva-7B-instruct-v1.0-GGUF,215,0,2024-12-10
minerva-7b,adoslabs/liara-minerva-7b,12,0,2026-07-17
holo4-35b-a3b,Hcompany/Holo4-35B-A3B-GGUF,5153,15,2026-09-25
holo4-35b-a3b,bartowski/Hcompany_Holo4-35B-A3B-GGUF,3839,1,2026-09-29
holo4-35b-a3b,mradermacher/Holo4-35B-A3B-i1-GGUF,2787,0,2026-10-01
holo4-35b-a3b,mradermacher/Holo4-35B-A3B-GGUF,1235,0,2026-09-29
holo4-35b-a3b,abenzerps/Holo4-35B-A3B-GGUF,396,0,2026-09-28
holo4-35b-a3b,DevQuasar/Hcompany.Holo4-35B-A3B-GGUF,307,0,2026-09-28
poro-2-8b,mradermacher/Llama-Poro-2-8B-Instruct-i1-GGUF,1371,1,2025-06-19
poro-2-8b,mradermacher/Llama-Poro-2-8B-Instruct-GGUF,1025,4,2025-06-19
poro-2-8b,tensorblock/LumiOpen_Llama-Poro-2-8B-Instruct-GGUF,208,0,2025-08-08
poro-2-8b,wyrmiyu/Llama-Poro-2-8B-Instruct-Q6_K-GGUF,50,0,2026-01-31
poro-2-8b,mpasila/Llama-Poro-2-8B-Instruct-Q5_K_S-GGUF,44,0,2025-06-19
poro-2-8b,wyrmiyu/Llama-Poro-2-8B-Instruct-Q8_0-GGUF,22,0,2026-01-31
borealis2-26b,NbAiLab/borealis2-26b-a4b-preview-gguf,2074,0,2026-07-30
borealis2-26b,BobTheShoplifter/borealis2-26b-a4b-preview-GGUF,200,0,2026-08-21
