namespace,kind,verified,fullname,checked
Aleph-Alpha,org,true,Aleph Alpha,2026-10-08
BSC-LT,org,false,Language Technologies Laboratory @ Barcelona Supercomputing Center,2026-10-08
Hcompany,org,true,H company,2026-10-08
LumiOpen,org,false,LumiOpen,2026-10-08
NX-AI,org,true,NX-AI,2026-10-08
NbAiLab,org,true,Nasjonalbiblioteket AI Lab,2026-10-08
OpenLLM-France,org,false,OpenLLM France,2026-10-08
PleIAs,org,false,PleIAs,2026-10-08
TildeAI,org,false,Tilde,2026-10-08
bumblebuttpow,user,false,Brenden,2026-10-08
domyn,org,true,Domyn,2026-10-08
ellamind,org,false,ellamind,2026-10-08
here-be-dragons-ai,org,false,Here Be Dragons AI,2026-10-08
kyutai,org,true,Kyutai,2026-10-08
leonsarmiento,user,false,Jorge Leon,2026-10-08
lmstudio-community,org,false,LM Studio Community,2026-10-08
mistralai,org,true,Mistral AI_,2026-10-08
mlx-community,org,false,MLX Community,2026-10-08
sapienzanlp,org,false,"Sapienza NLP, Sapienza University of Rome",2026-10-08
speakleash,org,false,SpeakLeash | Spichlerz,2026-10-08
swiss-ai,org,false,Swiss AI Initiative,2026-10-08
tonidurans,user,false,Antonio Jose Duran Sanchez,2026-10-08
utter-project,org,false,UTTER - Unified Transcription and Translation for Extended Reality,2026-10-08
